{"paintStates":[{"position":{"x":-0.6000000238418579,"y":-0.5,"z":-5.0},"rotation":{"x":0.0,"y":0.0,"z":0.0,"w":1.0},"scale":{"x":1.0,"y":1.0,"z":1.0},"radius":0.0,"hardness":0.0,"strength":0.0,"paintColor":{"r":0.0,"g":0.0,"b":0.0,"a":0.0}},{"position":{"x":0.6000000238418579,"y":1.0,"z":-5.0},"rotation":{"x":0.0,"y":0.0,"z":0.0,"w":1.0},"scale":{"x":1.0,"y":1.0,"z":1.0},"radius":0.0,"hardness":0.0,"strength":0.0,"paintColor":{"r":0.0,"g":0.0,"b":0.0,"a":0.0}},{"position":{"x":-0.6000000238418579,"y":1.0,"z":-5.0},"rotation":{"x":0.0,"y":0.6996632814407349,"z":0.0,"w":0.7144727110862732},"scale":{"x":0.5,"y":0.5,"z":0.5},"radius":0.0,"hardness":0.0,"strength":0.0,"paintColor":{"r":0.0,"g":0.0,"b":0.0,"a":0.0}},{"position":{"x":0.6000000238418579,"y":-0.5,"z":-5.0},"rotation":{"x":0.0,"y":0.6996632814407349,"z":0.0,"w":0.7144727110862732},"scale":{"x":0.5,"y":0.5,"z":0.5},"radius":0.0,"hardness":0.0,"strength":0.0,"paintColor":{"r":0.6683255434036255,"g":0.8679245114326477,"b":0.09334276616573334,"a":0.0}}]}