{"position":{"x":-0.7894501686096191,"y":-0.4808225631713867,"z":-5.46232271194458},"radius":0.10000000149011612,"hardness":1.0,"strength":1.0,"paintColor":{"r":0.8980392217636108,"g":0.5596785545349121,"b":0.21568626165390016,"a":1.0}}